{
    "$schema": "https://schema.management.azure.com/schemas/2019-04-01/deploymentTemplate.json#",
    "contentVersion": "1.0.0.0",
    "parameters": {
        "name": {
            "type": "string"
        },
        "location": {
            "type": "string"
        },
        "tags": {
            "type": "object",
            "defaultValue": "[json('{}')]",
            "metadata": {
                "description": "Object with tags"
            }
        },
        "groupType": {
            "type": "string",
            "allowedValues": [
                "Standard",
                "Ultra"
            ],
            "defaultValue": "Standard"
        }
    },
    "resources": [
        {
            "type": "Microsoft.Compute/proximityPlacementGroups",
            "apiVersion": "2020-12-01",
            "name": "[parameters('name')]",
            "location": "[parameters('location')]",
            "tags": "[parameters('tags')]",
            "properties": {
                "proximityPlacementGroupType": "[parameters('groupType')]"
            }
        }
    ]
}
