{
    "$schema": "https://schema.management.azure.com/schemas/2019-04-01/deploymentTemplate.json#",
    "contentVersion": "1.0.0.0",
    "parameters": {
        "vaultName": {
            "type": "string"
        },
        "backupManagementType": {
            "type": "string"
        },
        "policyName": {
            "type": "string"
        },
        "instantRpRetentionRangeInDays": {
            "type": "int"
        },
        "schedule": {
            "type": "object"
        },
        "timeZone": {
            "type": "string"
        },
        "retention": {
            "type": "object"
        },
        "instantRPDetails": {
            "type": "object"
        }
    },
    "resources": [
        {
            "type": "Microsoft.RecoveryServices/vaults/backupPolicies",
            "apiVersion": "2019-06-15",
            "name": "[concat(parameters('vaultName'), '/', parameters('policyName'))]",
            "properties": {
                "backupManagementType": "[parameters('backupManagementType')]",
                "instantRpRetentionRangeInDays": "[parameters('instantRpRetentionRangeInDays')]",
                "schedulePolicy": "[parameters('schedule')]",
                "timeZone": "[parameters('timeZone')]",
                "retentionPolicy": "[parameters('retention')]",
                "instantRPDetails": "[parameters('instantRPDetails')]"
            }
        }
    ]
}