{
    "$schema": "https://schema.management.azure.com/schemas/2019-04-01/deploymentTemplate.json#",
    "contentVersion": "1.0.0.0",
    "parameters": {
        "loadBalancerName": {
            "type": "string"
        },
        "logAnalyticsWorkspace_subscriptionId": {
            "type": "string"
        },
        "logAnalyticsWorkspace_resourceGroupName": {
            "type": "string"
        },
        "logAnalyticsWorkspace_name": {
            "type": "string"
        }
    },
    "resources": [
        {
            "scope": "[format('Microsoft.Network/loadBalancers/{0}', parameters('loadBalancerName'))]",
            "type": "Microsoft.Insights/diagnosticsettings",
            "name": "All to Log Analytics",
            "apiVersion": "2017-05-01-preview",
            "properties": {
                "workspaceId": "[resourceId(
                    parameters('logAnalyticsWorkspace_subscriptionId'),
                    parameters('logAnalyticsWorkspace_resourceGroupName'),
                    'Microsoft.OperationalInsights/workspaces',
                    parameters('logAnalyticsWorkspace_name'))]",
                "metrics":[
                    {
                        "category":"AllMetrics",
                        "enabled":true
                    }
                ]
            }
        }
    ]
}