{
    "$schema": "https://schema.management.azure.com/schemas/2019-04-01/deploymentTemplate.json#",
    "contentVersion": "1.0.0.0",
    "parameters": {
        "logAnalyticsWorkspaceSource_name": {
            "type": "string"
        },
        "logAnalyticsWorkspace_subscriptionId": {
            "type": "string"
        },
        "logAnalyticsWorkspace_resourceGroupName": {
            "type": "string"
        },
        "logAnalyticsWorkspaceDestination_name": {
            "type": "string"
        }
    },
    "resources": [
        {
            "scope": "[format('Microsoft.OperationalInsights/workspaces/{0}', parameters('logAnalyticsWorkspaceSource_name'))]",
            "type": "Microsoft.Insights/diagnosticsettings",
            "apiVersion": "2017-05-01-preview",
            "name": "All to Log Analytics",
            "properties": {
                "workspaceId": "[resourceId(
                    parameters('logAnalyticsWorkspace_subscriptionId'),
                    parameters('logAnalyticsWorkspace_resourceGroupName'),
                    'Microsoft.OperationalInsights/workspaces',
                    parameters('logAnalyticsWorkspaceDestination_name'))]",
                "logs": [
                    {
                        "category": "Audit",
                        "enabled": true
                    }
                ],
                "metrics": [
                    {
                        "category": "AllMetrics",
                        "enabled": true
                    }
                ]
            }
        }
    ]
}