{
    "$schema": "https://schema.management.azure.com/schemas/2019-04-01/deploymentTemplate.json#",
    "contentVersion": "1.0.0.0",
    "parameters": {
        "name": {
            "type": "string"
        },
        "location": {
            "type": "string"
        },
        "tags": {
            "type": "object",
            "defaultValue": "[json('{}')]",
            "metadata": {
                "description": "Object with tags"
            }
        },
        "ipConfig01SubnetResourceId": {
            "type": "string"
        },
        "dnsServers": {
            "type": "array"
        },
        "enableAcceleratedNetworking": {
            "type": "bool"
        },
        "enableIPForwarding": {
            "type": "bool",
            "defaultValue": false
        }
    },
    "resources": [
        {
            "type": "Microsoft.Network/networkInterfaces",
            "apiVersion": "2020-06-01",
            "location": "[parameters('location')]",
            "name": "[parameters('name')]",
            "properties": {
                "ipConfigurations": [
                    {
                        "name": "ipConfig01",
                        "properties": {
                            "subnet": {
                                "id": "[parameters('ipConfig01SubnetResourceId')]"
                            },
                            "privateIPAllocationMethod": "Dynamic",
                            "primary": true
                        }
                    }
                ],
                "dnsSettings": {
                    "dnsServers": "[parameters('dnsServers')]"
                },
                "enableAcceleratedNetworking": "[parameters('enableAcceleratedNetworking')]",
                "enableIPForwarding": "[parameters('enableIPForwarding')]"
            },
            "tags": "[parameters('tags')]"
        }
    ]
}