{
    "$schema": "https://schema.management.azure.com/schemas/2019-04-01/deploymentTemplate.json#",
    "contentVersion": "1.0.0.0",
    "parameters": {
        "location": {
            "type": "string"
        },
        "name": {
            "type": "string"
        },
        "tags": {
            "type": "object",
            "defaultValue": "[json('{}')]"
        }
    },
    "resources": [
        {
            "type": "Microsoft.Network/networkWatchers",
            "apiVersion": "2020-06-01",
            "location": "[parameters('location')]",
            "name": "[parameters('name')]",
            "tags": "[parameters('tags')]"
        }
    ]
}
