 {
    "$schema": "https://schema.management.azure.com/schemas/2019-04-01/deploymentTemplate.json#",
    "contentVersion": "1.0.0.0",
    "parameters": {
        "location": {
            "type": "string"
        },
        "name": {
            "type": "string"
        },
        "disableRoutePropagation": {
            "type": "bool",
            "defaultValue": false
        },
        "routes": {
            "type": "array"
        },       
        "tags": {
            "type": "object",
            "defaultValue": "[json('{}')]"
        }
    },
    "resources": [
        {
            "type": "Microsoft.Network/routeTables",
            "apiVersion": "2020-07-01",
            "location": "[parameters('location')]",
            "name": "[parameters('name')]",
            "properties": {
                "disableBgpRoutePropagation": "[parameters('disableRoutePropagation')]",
                "routes": "[parameters('routes')]"
            },
            "tags": "[parameters('tags')]"
        }
    ]
}