{
    "$schema": "https://schema.management.azure.com/schemas/2019-04-01/deploymentTemplate.json#",
    "contentVersion": "1.0.0.0",
    "parameters": {
        "location": {
            "type": "string"
        },
        "name": {
            "type": "string"
        },
        "kind": {
            "type": "string",
            "allowedValues": [
                "Storage",
                "StorageV2",
                "BlobStorage",
                "FileStorage",
                "BlockBlobStorage"
            ],
            "defaultValue": "StorageV2"
        },
        "skuName": {
            "type": "string",
            "allowedValues": [
                "Standard_LRS",
                "Standard_GRS",
                "Standard_RAGRS",
                "Standard_ZRS",
                "Premium_LRS",
                "Premium_ZRS",
                "Standard_GZRS",
                "Standard_RAGZRS"
            ]
        },
        "identity": {
            "type": "string",
            "allowedValues": [
                "None",
                "SystemAssigned"
            ],
            "defaultValue": "SystemAssigned"
        },
        "networkAcls": {
            "type": "object"
        },
        "accessTier": {
            "type": "string",
            "allowedValues": [
                "Hot",
                "Cool"
            ],
            "defaultValue": "Cool"
        },
        "allowBlobPublicAccess": {
            "type": "bool",
            "defaultValue": true
        },
        "minimumTlsVersion": {
            "type": "string",
            "allowedValues": [
                "TLS1_0",
                "TLS1_1",
                "TLS1_2"
            ],
            "defaultValue": "TLS1_2"
        },
        "largeFileSharesState": {
            "type": "string",
            "allowedValues": [
                "Enabled",
                "Disabled"
            ],
            "defaultValue": "Disabled"
        },
        "tags": {
            "type": "object",
            "defaultValue": "[json('{}')]"
        }
    },
    "resources": [
        {
            "type": "Microsoft.Storage/storageAccounts",
            "apiVersion": "2021-02-01",
            "location": "[parameters('location')]",
            "name": "[parameters('name')]",
            "kind": "[parameters('kind')]",
            "sku": {
                "name": "[parameters('skuName')]"
            },
            "identity": {
                "type": "[parameters('identity')]"
            },
            "properties": {
                "accessTier": "[parameters('accessTier')]",
                "allowBlobPublicAccess": "[parameters('allowBlobPublicAccess')]",
                "minimumTlsVersion": "[parameters('minimumTlsVersion')]",
                "largeFileSharesState": "[parameters('largeFileSharesState')]",
                "networkAcls": "[parameters('networkAcls')]"
            },
            "tags": "[parameters('tags')]"
        }
    ]
}