{
    "$schema": "https://schema.management.azure.com/schemas/2019-04-01/deploymentTemplate.json#",
    "contentVersion": "1.0.0.0",
    "parameters": {
        "keyVaultName": {
            "type": "string",
            "metadata": {
                "description": "Specifies the name of the key vault."
            }
        },
        "objectId": {
            "type": "string",
            "metadata": {
                "description": "Specifies the object ID of a user, service principal or security group in the Azure Active Directory tenant for the vault. The object ID must be unique for the list of access policies. Get it by using Get-AzADUser or Get-AzADServicePrincipal cmdlets."
            }
        },
        "keysPermissions": {
            "type": "array",
            "defaultValue": "[json('[]')]",
            "metadata": {
                "description": "Specifies the permissions to keys in the vault. Valid values are: all, encrypt, decrypt, wrapKey, unwrapKey, sign, verify, get, list, create, update, import, delete, backup, restore, recover, and purge."
            }
        },
        "secretsPermissions": {
            "type": "array",
            "defaultValue": "[json('[]')]",
            "metadata": {
                "description": "Specifies the permissions to secrets in the vault. Valid values are: all, get, list, set, delete, backup, restore, recover, and purge."
            }
        },
        "certificatePermissions": {
            "type": "array",
            "defaultValue": "[json('[]')]",
            "metadata": {
                "description": "Specifies the permissions to certificates in the vault. Valid values are: all,  create, delete, update, deleteissuers, get, getissuers, import, list, listissuers, managecontacts, manageissuers,  recover, backup, restore, setissuers, and purge."
            }
        }
    },
    "resources": [
        {
            "type": "Microsoft.KeyVault/vaults/accessPolicies",
            "name": "[concat(parameters('keyVaultName'), '/add')]",
            "apiVersion": "2019-09-01",
            "properties": {
                "accessPolicies": [
                    {
                        "tenantId": "[subscription().tenantId]",
                        "objectId": "[parameters('objectId')]",
                        "permissions": {
                            "keys": "[parameters('keysPermissions')]",
                            "secrets": "[parameters('secretsPermissions')]",
                            "certificates": "[parameters('certificatePermissions')]"
                        }
                    }
                ]
            }
        }
    ]
}